Big City Bear,imagination-station-x-reddit-collectible-avatars,0.065
Cone Head,imagination-station-x-reddit-collectible-avatars,0.99
Kid Rexie,imagination-station-x-reddit-collectible-avatars,0.74
Minted Monarch,the-butterfly-garden-x-reddit-collectible-avatars,0.058948
Butterfly of Diamonds,the-butterfly-garden-x-reddit-collectible-avatars,0.171
Mutant Monarch,the-butterfly-garden-x-reddit-collectible-avatars,0.435
Bow Wow Bandits,growl-gang-x-reddit-collectible-avatars,0.1029
Speedy Demons,growl-gang-x-reddit-collectible-avatars,1
Pounce Patrol,growl-gang-x-reddit-collectible-avatars,2.01
Raiza,enlightenment-x-reddit-collectible-avatars,0.21
Etsuko,enlightenment-x-reddit-collectible-avatars,0.75
Miran,enlightenment-x-reddit-collectible-avatars,1.75
April May,drag-queens-of-big-gay-baby-x-reddit-collectible,0.0275
Miss Ophelia Surprise,drag-queens-of-big-gay-baby-x-reddit-collectible,0.039
Hydrogen Purroxide,drag-queens-of-big-gay-baby-x-reddit-collectible,0.32
Possum,creatures-of-the-nighties-x-reddit-collectible,0.0468999
Dark Wolf,creatures-of-the-nighties-x-reddit-collectible,0.43
Red Bat,creatures-of-the-nighties-x-reddit-collectible,2.73
Joy Kawaii Cowgirl,joy-girls-club-x-reddit-collectible-avatars,0.034
Disco Queen Joy Girl,joy-girls-club-x-reddit-collectible-avatars,0.248
Joy Kawaii Material Girl,joy-girls-club-x-reddit-collectible-avatars,0.6999
Les Rock,avatar-rock-out-x-reddit-collectible-avatars,0.06499
Lara Lava,avatar-rock-out-x-reddit-collectible-avatars,0.095
Julia Jewels,avatar-rock-out-x-reddit-collectible-avatars,2.83
Dragonfly,protectors-of-the-forest-x-reddit-collectible-avat,0.0457
Butterfly,protectors-of-the-forest-x-reddit-collectible-avat,0.07
Birdie,protectors-of-the-forest-x-reddit-collectible-avat,0.5
Sandro,bites-of-brazil-x-reddit-collectible-avatars,0.033999
Flor,bites-of-brazil-x-reddit-collectible-avatars,0.0579999
Maria,bites-of-brazil-x-reddit-collectible-avatars,0.43
Cat Fish,cute-cool-and-creepy-x-reddit-collectible-avatars,0.20899
Ancestral Tree,cute-cool-and-creepy-x-reddit-collectible-avatars,0.95
Golden Hands,cute-cool-and-creepy-x-reddit-collectible-avatars,6.5
Avataur,creatures-without-pants-x-reddit-collectible-avata,0.039999
Medusatar,creatures-without-pants-x-reddit-collectible-avata,0.0725
Scalatar,creatures-without-pants-x-reddit-collectible-avata,0.69
Bloopy McBloopface,lightspeed-lads-x-reddit-collectible-avatars,0.07
Dr. Morris Von Wrinklebrain,lightspeed-lads-x-reddit-collectible-avatars,0.88999
Battery Bot,lightspeed-lads-x-reddit-collectible-avatars,1.99
Silver Age Comics,old-school-cool-x-reddit-collectible-avatars,0.055999
Classic Animation,old-school-cool-x-reddit-collectible-avatars,0.399
Old-Timey Comedian,old-school-cool-x-reddit-collectible-avatars,0.71
Maia,aylia-x-reddit-collectible-avatars,0.04398
Maru,aylia-x-reddit-collectible-avatars,0.3
Bim,aylia-x-reddit-collectible-avatars,1.29
Bewitching Eyes,magic-of-the-woods-x-reddit-collectible-avatars,0.04489999
So Much Truffle,magic-of-the-woods-x-reddit-collectible-avatars,0.284
Flower Fairy,magic-of-the-woods-x-reddit-collectible-avatars,1.5
Mouse au Chocolat,cute-snacks-x-reddit-collectible-avatars,0.050988
Avo Cato,cute-snacks-x-reddit-collectible-avatars,0.127
Hot Dog,cute-snacks-x-reddit-collectible-avatars,0.7
Redd Mummy,peculiar-gang-x-reddit-collectible-avatars,0.06139
Mr. GeeOd,peculiar-gang-x-reddit-collectible-avatars,0.397
Cheeky Beak,peculiar-gang-x-reddit-collectible-avatars,3.1579
Groovy,gettin-groovy-x-reddit-collectible-avatars,0.063
Lava Lamp Avatar,gettin-groovy-x-reddit-collectible-avatars,0.122
Euphoric Swirls,gettin-groovy-x-reddit-collectible-avatars,2.66
Mio Armor,wearing-your-emotions-x-reddit-collectible-avatars,0.38499999
Mia Flames,wearing-your-emotions-x-reddit-collectible-avatars,0.445
Diamond Diablo,wearing-your-emotions-x-reddit-collectible-avatars,4.999
Frustrated,i-quit-my-job-to-be-an-artist-x-reddit-collectibl,0.09289
Progress,i-quit-my-job-to-be-an-artist-x-reddit-collectibl,0.119
Confidence,i-quit-my-job-to-be-an-artist-x-reddit-collectibl,1.75
B•E•N•O•T•A•F•R•A•I•D,baked-goods-evils-x-reddit-collectible-avatars,0.74
Boroborygmius,baked-goods-evils-x-reddit-collectible-avatars,0.17799
Sweet Providence,baked-goods-evils-x-reddit-collectible-avatars,1.9
Knoo,doodle-collection-x-reddit-collectible-avatars,0.0863999
S'moore,doodle-collection-x-reddit-collectible-avatars,0.0868
Stoo,doodle-collection-x-reddit-collectible-avatars,2.369
Classic Foustling,foustlings-x-reddit-collectible-avatars,0.8495
Rainbow Foustling,foustlings-x-reddit-collectible-avatars,1.45
Fishy Foustling,foustlings-x-reddit-collectible-avatars,3.5
The Eyes,the-senses-x-reddit-collectible-avatars,1.59899
The Mouths,the-senses-x-reddit-collectible-avatars,2.89
The Hands,the-senses-x-reddit-collectible-avatars,14
Good Morning Sunshine,the-minds-eyes-x-reddit-collectible-avatars,0.285
Mystic Fingers,the-minds-eyes-x-reddit-collectible-avatars,0.079
Vegan Brains,the-minds-eyes-x-reddit-collectible-avatars,0.81
Yamata,natsukashii-x-reddit-collectible-avatars,0.5
Kitsune,natsukashii-x-reddit-collectible-avatars,1.97
Yami,natsukashii-x-reddit-collectible-avatars,8.5
deadass from ny,5-boro-bodega-x-reddit-collectible-avatars,0.34
Pickle Guy,5-boro-bodega-x-reddit-collectible-avatars,0.29
Gummy,5-boro-bodega-x-reddit-collectible-avatars,2.75
Series-137,celestial-assembly-x-reddit-collectible-avatars,0.2595
Dr. Nickelmittens,celestial-assembly-x-reddit-collectible-avatars,0.505
The Assembler,celestial-assembly-x-reddit-collectible-avatars,5
Hellbent Over Pizza,spooky-season-tirli-x-reddit-collectible-avatars,0.02588
Death by Cuddling,spooky-season-tirli-x-reddit-collectible-avatars,0.05799
Snooze Paralysis,spooky-season-tirli-x-reddit-collectible-avatars,0.17998
SONRISA,spooky-season-stuttervoid-x-reddit-collectible-ava,0.0959
Faceless,spooky-season-stuttervoid-x-reddit-collectible-ava,0.69
Blood Orange,spooky-season-stuttervoid-x-reddit-collectible-ava,1.55
Earthling,spooky-season-substantial-law-910-x-reddit-collect,0.0383
Lunarian,spooky-season-substantial-law-910-x-reddit-collect,0.16999
Mars,spooky-season-substantial-law-910-x-reddit-collect,0.58
THE VISION,spooky-season-worsttwitchever-x-reddit-collectible,0.045
THE MUTATION,spooky-season-worsttwitchever-x-reddit-collectible,0.045
THE FAILED EXPERIMENT,spooky-season-worsttwitchever-x-reddit-collectible,0.115
The Sun,spooky-season-rojom-x-reddit-collectible-avatars,0.3289
The Moon,spooky-season-rojom-x-reddit-collectible-avatars,0.36
Cosmic Abyss,spooky-season-rojom-x-reddit-collectible-avatars,2.2
Night Guard,spooky-season-poieeeyee-x-reddit-collectible-avata,0.09999
Hybrid 693,spooky-season-poieeeyee-x-reddit-collectible-avata,0.1149
Midas Touch,spooky-season-poieeeyee-x-reddit-collectible-avata,12.89
Batty for Halloween,spooky-season-aliciafreemandesigns-x-reddit-collec,0.02189
In-tree-guing,spooky-season-aliciafreemandesigns-x-reddit-collec,0.067
Not so Fungi,spooky-season-aliciafreemandesigns-x-reddit-collec,0.046899
Eve, Cataclysm Engine [000],spooky-season-genuineardvark-x-reddit-collectible,0.086
Sebastian, the Blood Moon,spooky-season-genuineardvark-x-reddit-collectible,0.088
Persephone, Aspect of Hades,spooky-season-genuineardvark-x-reddit-collectible,1.285
ECLIPSE,spooky-season-earthtoplanet-x-reddit-collectible-a,0.13499
HELIX,spooky-season-earthtoplanet-x-reddit-collectible-a,0.2799
AWAKEN,spooky-season-earthtoplanet-x-reddit-collectible-a,1.239
Orpheus the Thirsty,spooky-season-oana193-x-reddit-collectible-avatars,0.024
Naga the Basilisk,spooky-season-oana193-x-reddit-collectible-avatars,0.135
Wildfire Demon,spooky-season-oana193-x-reddit-collectible-avatars,0.88
Illusionist Foustling,spooky-season-tfoust10-x-reddit-collectible-avatar,0.1899
Ghost Foustling,spooky-season-tfoust10-x-reddit-collectible-avatar,0.46999
Fake Foustling,spooky-season-tfoust10-x-reddit-collectible-avatar,0.72379
Unmentionable One,spooky-season-conall-in-space-x-reddit-collectible,0.051
Series-66,spooky-season-conall-in-space-x-reddit-collectible,0.06489
The Imprisoned,spooky-season-conall-in-space-x-reddit-collectible,0.894
Lil' Bummer,spooky-season-avirenft-x-reddit-collectible-ava,0.0269
Lil' Chaos,spooky-season-avirenft-x-reddit-collectible-ava,0.07
Lil' Split,spooky-season-avirenft-x-reddit-collectible-ava,0.23
Music Man,spooky-season-eando9745-x-reddit-collectible-avata,0.0293
Skyborg,spooky-season-eando9745-x-reddit-collectible-avata,0.11999
Technical Difficulty,spooky-season-eando9745-x-reddit-collectible-avata,0.52899
Enya Enchantress,spooky-season-dubbl3bee-x-reddit-collectible-avata,0.0279
Garth Guardian,spooky-season-dubbl3bee-x-reddit-collectible-avata,0.078
Floyd Flocculent,spooky-season-dubbl3bee-x-reddit-collectible-avata,0.64
Creature of the Chill,spooky-season-raunchyrancor-x-reddit-collectible-a,0.0286
Under the Sea,spooky-season-raunchyrancor-x-reddit-collectible-a,0.0779
Ocean Explorer of Love,spooky-season-raunchyrancor-x-reddit-collectible-a,0.44999
Restriction of Dreams,spooky-season-treasureofophiel-x-reddit-collectibl,0.1249
R•E•M•A•I•N•C•A•L•M,spooky-season-treasureofophiel-x-reddit-collectibl,0.23
Mister Charles’ Secret,spooky-season-treasureofophiel-x-reddit-collectibl,0.295
Brundlecat,spooky-season-puzzled-panther-x-reddit-collectible,0.032
The New Fur,spooky-season-puzzled-panther-x-reddit-collectible,0.298
Milk O'blivion,spooky-season-puzzled-panther-x-reddit-collectible,0.25
The Vessel,spooky-season-thefattybagz-x-reddit-collectible-av,0.04199999
The Vile One,spooky-season-thefattybagz-x-reddit-collectible-av,0.11
Mr. 2 Sweet,spooky-season-thefattybagz-x-reddit-collectible-av,0.94
The Unidentified,spooky-season-baldtuesdays-x-reddit-collectible,0.0649
HandFull,spooky-season-baldtuesdays-x-reddit-collectible,0.16899
Skin and Bones,spooky-season-baldtuesdays-x-reddit-collectible,0.539999
The Robot,spooky-season-laura-dumitriu-x-reddit-collectible,0.0238
The Devil,spooky-season-laura-dumitriu-x-reddit-collectible,0.08
SnakeEye,spooky-season-laura-dumitriu-x-reddit-collectible,0.24899
Alt Account,spooky-season-sys32template-x-reddit-collectible-a,1.99
GUARDIAN OF THE REALMS,spooky-season-bodegacatceo-x-reddit-collectible-av,0.025
EYE OF THE BEHOLDER,spooky-season-bodegacatceo-x-reddit-collectible-av,0.092999
BINDED SOULS,spooky-season-bodegacatceo-x-reddit-collectible-av,0.194793
Tina,spooky-season-tandizojere-x-reddit-collectible-ava,0.068
The Knower,spooky-season-tandizojere-x-reddit-collectible-ava,0.057
My Rotten Soldier,spooky-season-tandizojere-x-reddit-collectible-ava,0.165
Cosplay,spooky-season-canetoonist-x-reddit-collectible-ava,0.0294
Spooky Spaghetti,spooky-season-canetoonist-x-reddit-collectible-ava,0.034
Final Boss,spooky-season-canetoonist-x-reddit-collectible-ava,0.1495
Glowstickman,spooky-season-fmarxy-x-reddit-collectible-avatars,0.033748
Leave me alone big bro,spooky-season-fmarxy-x-reddit-collectible-avatars,0.0399999
Ooni Roo,spooky-season-hoppy-doodle-x-reddit-collectible-av,0.031
Look Throo-1000,spooky-season-hoppy-doodle-x-reddit-collectible-av,0.06
Queen Tarantoola,spooky-season-hoppy-doodle-x-reddit-collectible-av,0.06
